S.No., Book Name, Author, Year
001, A Game of Thrones, George R.R. Martin, 1996
002, A Clash of Kings, George R.R. Martin, 1999
003, A Storm of Swords, George R.R. Martin, 2000
004, A Feast of Crows, George R.R. Martin, 2005
005, A Dance of Dragons, George R.R. Martin, 2011
006, The Hobbit or There and Back Again, J.R.R. TolKien, 1937
007, The Fellowship of the Ring, J.R.R. TolKien, 1954
008, The Two Towers, J.R.R. TolKien, 1954
009, The Return of the King, J.R.R. TolKien, 1955
010, The Last Wish, Andrzej Sapkowski, 1993
011, The Swords of Destiny, Andrzej Sapkowski, 1992
012, Blood of Elves, Andrzej Sapkowski, 1994
013, Time of Contempt, Andrzej Sapkowski, 1994
014, Baptism of Fire, Andrzej Sapkowski, 1996
015, The Tower of the Swallow, Andrzej Sapkowski, 1997
016, Lady of the Lake, Andrzej Sapkowski, 1999
017, Season of Storms, Andrzej Sapkowski, 2013
